{
	"credit": "VictorAlonso#3767",
    "parent": "minecraft:item/generated",
    "textures": {
        "layer0":"minecraft:item/gold_nugget"
    },
    "overrides": [
        {"predicate":{"custom_model_data":10000},"model":"item/victoralonso/empty_texture"},
        {"predicate":{"custom_model_data":10001},"model":"item/victoralonso/jobs/progress/locked"},
        {"predicate":{"custom_model_data":10002},"model":"item/victoralonso/jobs/progress/unlocked"},
        {"predicate":{"custom_model_data":10003},"model":"item/victoralonso/jobs/progress/current"},
        {"predicate":{"custom_model_data":10004},"model":"item/victoralonso/jobs/button_back"},
        {"predicate":{"custom_model_data":10005},"model":"item/victoralonso/jobs/button_next"},
        {"predicate":{"custom_model_data":11000},"model":"item/victoralonso/jobs/button_comingsoon"},
        {"predicate":{"custom_model_data":11001},"model":"item/victoralonso/jobs/jobs_icons/brewer"},
        {"predicate":{"custom_model_data":11002},"model":"item/victoralonso/jobs/jobs_icons/brewer_select"},
        {"predicate":{"custom_model_data":11003},"model":"item/victoralonso/jobs/jobs_icons/brewer_disable"},
        {"predicate":{"custom_model_data":11004},"model":"item/victoralonso/jobs/jobs_icons/builder"},
        {"predicate":{"custom_model_data":11005},"model":"item/victoralonso/jobs/jobs_icons/builder_select"},
        {"predicate":{"custom_model_data":11006},"model":"item/victoralonso/jobs/jobs_icons/builder_disable"},
        {"predicate":{"custom_model_data":11007},"model":"item/victoralonso/jobs/jobs_icons/cooker"},
        {"predicate":{"custom_model_data":11008},"model":"item/victoralonso/jobs/jobs_icons/cooker_select"},
        {"predicate":{"custom_model_data":11009},"model":"item/victoralonso/jobs/jobs_icons/cooker_disable"},
        {"predicate":{"custom_model_data":11010},"model":"item/victoralonso/jobs/jobs_icons/crafter"},
        {"predicate":{"custom_model_data":11011},"model":"item/victoralonso/jobs/jobs_icons/crafter_select"},
        {"predicate":{"custom_model_data":11012},"model":"item/victoralonso/jobs/jobs_icons/crafter_disable"},
        {"predicate":{"custom_model_data":11013},"model":"item/victoralonso/jobs/jobs_icons/digger"},
        {"predicate":{"custom_model_data":11014},"model":"item/victoralonso/jobs/jobs_icons/digger_select"},
        {"predicate":{"custom_model_data":11015},"model":"item/victoralonso/jobs/jobs_icons/digger_disable"},
        {"predicate":{"custom_model_data":11016},"model":"item/victoralonso/jobs/jobs_icons/enchanter"},
        {"predicate":{"custom_model_data":11017},"model":"item/victoralonso/jobs/jobs_icons/enchanter_select"},
        {"predicate":{"custom_model_data":11018},"model":"item/victoralonso/jobs/jobs_icons/enchanter_disable"},
        {"predicate":{"custom_model_data":11019},"model":"item/victoralonso/jobs/jobs_icons/engineer"},
        {"predicate":{"custom_model_data":11020},"model":"item/victoralonso/jobs/jobs_icons/engineer_select"},
        {"predicate":{"custom_model_data":11021},"model":"item/victoralonso/jobs/jobs_icons/engineer_disable"},
        {"predicate":{"custom_model_data":11022},"model":"item/victoralonso/jobs/jobs_icons/explorer"},
        {"predicate":{"custom_model_data":11023},"model":"item/victoralonso/jobs/jobs_icons/explorer_select"},
        {"predicate":{"custom_model_data":11024},"model":"item/victoralonso/jobs/jobs_icons/explorer_disable"},
        {"predicate":{"custom_model_data":11025},"model":"item/victoralonso/jobs/jobs_icons/farmer"},
        {"predicate":{"custom_model_data":11026},"model":"item/victoralonso/jobs/jobs_icons/farmer_select"},
        {"predicate":{"custom_model_data":11027},"model":"item/victoralonso/jobs/jobs_icons/farmer_disable"},
        {"predicate":{"custom_model_data":11028},"model":"item/victoralonso/jobs/jobs_icons/fisherman"},
        {"predicate":{"custom_model_data":11029},"model":"item/victoralonso/jobs/jobs_icons/fisherman_select"},
        {"predicate":{"custom_model_data":11030},"model":"item/victoralonso/jobs/jobs_icons/fisherman_disable"},
        {"predicate":{"custom_model_data":11031},"model":"item/victoralonso/jobs/jobs_icons/florist"},
        {"predicate":{"custom_model_data":11032},"model":"item/victoralonso/jobs/jobs_icons/florist_select"},
        {"predicate":{"custom_model_data":11033},"model":"item/victoralonso/jobs/jobs_icons/florist_disable"},
        {"predicate":{"custom_model_data":11034},"model":"item/victoralonso/jobs/jobs_icons/hunter"},
        {"predicate":{"custom_model_data":11035},"model":"item/victoralonso/jobs/jobs_icons/hunter_select"},
        {"predicate":{"custom_model_data":11036},"model":"item/victoralonso/jobs/jobs_icons/hunter_disable"},
        {"predicate":{"custom_model_data":11037},"model":"item/victoralonso/jobs/jobs_icons/miner"},
        {"predicate":{"custom_model_data":11038},"model":"item/victoralonso/jobs/jobs_icons/miner_select"},
        {"predicate":{"custom_model_data":11039},"model":"item/victoralonso/jobs/jobs_icons/miner_disable"},
        {"predicate":{"custom_model_data":11040},"model":"item/victoralonso/jobs/jobs_icons/smelter"},
        {"predicate":{"custom_model_data":11041},"model":"item/victoralonso/jobs/jobs_icons/smelter_select"},
        {"predicate":{"custom_model_data":11042},"model":"item/victoralonso/jobs/jobs_icons/smelter_disable"},
        {"predicate":{"custom_model_data":11043},"model":"item/victoralonso/jobs/jobs_icons/tamer"},
        {"predicate":{"custom_model_data":11044},"model":"item/victoralonso/jobs/jobs_icons/tamer_select"},
        {"predicate":{"custom_model_data":11045},"model":"item/victoralonso/jobs/jobs_icons/tamer_disable"},
        {"predicate":{"custom_model_data":11046},"model":"item/victoralonso/jobs/jobs_icons/taster"},
        {"predicate":{"custom_model_data":11047},"model":"item/victoralonso/jobs/jobs_icons/taster_select"},
        {"predicate":{"custom_model_data":11048},"model":"item/victoralonso/jobs/jobs_icons/taster_disable"},
        {"predicate":{"custom_model_data":11049},"model":"item/victoralonso/jobs/jobs_icons/trader"},
        {"predicate":{"custom_model_data":11050},"model":"item/victoralonso/jobs/jobs_icons/trader_select"},
        {"predicate":{"custom_model_data":11051},"model":"item/victoralonso/jobs/jobs_icons/trader_disable"},
        {"predicate":{"custom_model_data":11052},"model":"item/victoralonso/jobs/jobs_icons/weaponsmith"},
        {"predicate":{"custom_model_data":11053},"model":"item/victoralonso/jobs/jobs_icons/weaponsmith_select"},
        {"predicate":{"custom_model_data":11054},"model":"item/victoralonso/jobs/jobs_icons/weaponsmith_disable"},
        {"predicate":{"custom_model_data":11055},"model":"item/victoralonso/jobs/jobs_icons/woodcutter"},
        {"predicate":{"custom_model_data":11056},"model":"item/victoralonso/jobs/jobs_icons/woodcutter_select"},
        {"predicate":{"custom_model_data":11057},"model":"item/victoralonso/jobs/jobs_icons/woodcutter_disable"}
    ]
}