{
    "providers": [
        {"type":"bitmap","file":"victoralonso/gui/jobs/jobs_menu.png","ascent":30,"height":256,"chars":["솷"]},
        {"type":"bitmap","file":"victoralonso/gui/jobs/menu_info.png","ascent":30,"height":256,"chars":["걳"]},
        {"type":"bitmap","file":"victoralonso/gui/jobs/menu_shop.png","ascent":30,"height":256,"chars":["걋"]},
        {"type":"bitmap","file":"victoralonso/gui/jobs/leaving_job.png","ascent":30,"height":256,"chars":["걌"]},
        {"type":"bitmap","file":"victoralonso/gui/jobs/progress/brewer.png","ascent":30,"height":256,"chars":["ㆠ"]},
        {"type":"bitmap","file":"victoralonso/gui/jobs/progress/builder.png","ascent":30,"height":256,"chars":["ㆡ"]},
        {"type":"bitmap","file":"victoralonso/gui/jobs/progress/cooker.png","ascent":30,"height":256,"chars":["ㆬ"]},
        {"type":"bitmap","file":"victoralonso/gui/jobs/progress/crafter.png","ascent":30,"height":256,"chars":["ㆢ"]},
        {"type":"bitmap","file":"victoralonso/gui/jobs/progress/digger.png","ascent":30,"height":256,"chars":["ㆣ"]},
        {"type":"bitmap","file":"victoralonso/gui/jobs/progress/enchanter.png","ascent":30,"height":256,"chars":["ㆤ"]},
        {"type":"bitmap","file":"victoralonso/gui/jobs/progress/engineer.png","ascent":30,"height":256,"chars":["ㆭ"]},
        {"type":"bitmap","file":"victoralonso/gui/jobs/progress/explorer.png","ascent":30,"height":256,"chars":["ㆥ"]},
        {"type":"bitmap","file":"victoralonso/gui/jobs/progress/farmer.png","ascent":30,"height":256,"chars":["ㆦ"]},
        {"type":"bitmap","file":"victoralonso/gui/jobs/progress/fisherman.png","ascent":30,"height":256,"chars":["ㆧ"]},
        {"type":"bitmap","file":"victoralonso/gui/jobs/progress/florist.png","ascent":30,"height":256,"chars":["ㆮ"]},
        {"type":"bitmap","file":"victoralonso/gui/jobs/progress/hunter.png","ascent":30,"height":256,"chars":["ㆨ"]},
        {"type":"bitmap","file":"victoralonso/gui/jobs/progress/miner.png","ascent":30,"height":256,"chars":["ㆩ"]},
        {"type":"bitmap","file":"victoralonso/gui/jobs/progress/smelter.png","ascent":30,"height":256,"chars":["ㆯ"]},
        {"type":"bitmap","file":"victoralonso/gui/jobs/progress/tamer.png","ascent":30,"height":256,"chars":["ㆰ"]},
        {"type":"bitmap","file":"victoralonso/gui/jobs/progress/taster.png","ascent":30,"height":256,"chars":["ㆱ"]},
        {"type":"bitmap","file":"victoralonso/gui/jobs/progress/trader.png","ascent":30,"height":256,"chars":["ㆲ"]},
        {"type":"bitmap","file":"victoralonso/gui/jobs/progress/weaponsmith.png","ascent":30,"height":256,"chars":["ㆪ"]},
        {"type":"bitmap","file":"victoralonso/gui/jobs/progress/woodcutter.png","ascent":30,"height":256,"chars":["ㆫ"]},
        {"type":"bitmap","file":"victoralonso/font/jobs/progress_bar.png","ascent":3,"height":4,"chars":["ㆴ"]},
        {"type":"bitmap","file":"victoralonso/font/jobs/level_up.png","ascent":6,"height":31,"chars":["逗"]},
        {"type":"bitmap","file":"victoralonso/font/jobs/1.png","ascent":7,"height":9,"chars":["陀"]},
        {"type":"bitmap","file":"victoralonso/font/jobs/2.png","ascent":7,"height":9,"chars":["陈"]},
        {"type":"bitmap","file":"victoralonso/font/jobs/3.png","ascent":7,"height":8,"chars":["阵"]},
        {"type":"bitmap","file":"victoralonso/font/jobs/4.png","ascent":8,"height":8,"chars":["隋"]},
        {"type":"bitmap","file":"victoralonso/icons/error_green.png","ascent":7,"height":7,"chars":["ㇰ"]},
        {"type":"bitmap","file":"victoralonso/icons/error_message.png","ascent":7,"height":7,"chars":["ㇱ"]},
        {"type":"bitmap","file":"victoralonso/icons/error_red.png","ascent":7,"height":7,"chars":["ㇲ"]},
        {"type":"bitmap","file":"victoralonso/icons/click_l.png","ascent":9,"height":10,"chars":["ㆵ"]},
        {"type":"bitmap","file":"victoralonso/icons/click_m.png","ascent":9,"height":10,"chars":["ㆳ"]},
        {"type":"bitmap","file":"victoralonso/icons/click_r.png","ascent":9,"height":10,"chars":["ㆶ"]},
        {"type":"bitmap","file":"victoralonso/space/space_split.png","ascent":-32768,"height":-4,"chars":["ㆿ"]},
        {"type":"bitmap","file":"victoralonso/space/space_split.png","ascent":-32768,"height":-50,"chars":["ㆻ"]}
    ]
}
